seq,detected,lines,top,capturetop,captureright,own,raw,upper_own,upper_raw,present,plines,ptop,cue,reason,ink_reason,coverage,difference
1,1,3,1526,1484,2610,2767,4639,976,976,1,2,1671,1,detected,context-or-pixel-proof,100,0
2,1,3,1518,1483,2610,2767,4622,976,976,1,2,1671,1,detected,glyphs-match,100,0
3,1,3,1510,1483,2610,2766,4576,975,975,1,2,1671,1,detected,glyphs-match,99,0
4,1,3,1518,1483,2610,2765,4553,974,974,1,2,1671,1,detected,glyphs-match,99,0
5,1,3,1518,1483,2610,2764,4524,974,974,1,2,1671,1,detected,glyphs-match,99,0
6,1,3,1518,1482,2610,2763,4514,973,973,1,3,1518,1,detected,glyphs-match,99,0
7,1,3,1518,1482,2610,2763,4487,973,973,1,3,1518,1,detected,glyphs-match,100,0
8,1,3,1518,1482,2610,2761,4462,971,971,1,3,1518,1,detected,glyphs-match,99,0
9,1,3,1518,1486,2610,2761,4414,971,971,1,3,1518,1,strict-current-ink,glyphs-match,99,0
10,1,3,1518,1482,2610,2760,4383,971,971,1,3,1518,1,strict-current-ink,glyphs-match,99,0
11,1,3,1518,1482,2610,2759,4291,970,970,1,3,1518,1,strict-current-ink,glyphs-match,99,0
12,1,3,1518,1482,2610,2759,4251,970,970,1,3,1518,1,strict-current-ink,glyphs-match,99,0
13,1,3,1518,1482,2610,2758,4215,969,969,1,3,1518,1,strict-current-ink,glyphs-match,99,0
14,1,3,1526,1484,2610,2759,4158,970,970,1,3,1518,1,strict-current-ink,glyphs-match,99,0
15,1,3,1518,1482,2610,2758,4140,970,970,1,3,1518,1,strict-current-ink,glyphs-match,99,0
16,1,3,1526,1484,2610,2757,4160,970,970,1,3,1518,1,strict-current-ink,glyphs-match,99,0
17,1,3,1518,1482,2610,2756,4162,970,970,1,3,1518,1,strict-current-ink,glyphs-match,99,0
18,1,3,1518,1482,2610,2756,4185,970,970,1,3,1518,1,strict-current-ink,glyphs-match,99,0
19,1,3,1518,1482,2610,2755,4193,969,969,1,3,1518,1,strict-current-ink,glyphs-match,99,0
20,1,3,1518,1482,2610,2754,4179,969,969,1,3,1518,1,strict-current-ink,glyphs-match,99,0
21,1,3,1518,1484,2610,2754,4166,969,969,1,3,1518,1,strict-current-ink,glyphs-match,99,0
22,1,3,1518,1482,2610,2752,4156,969,969,1,3,1518,1,strict-current-ink,glyphs-match,99,0
23,1,3,1518,1484,2610,2752,4167,969,969,1,3,1518,1,strict-current-ink,glyphs-match,99,0
24,1,3,1518,1482,2610,2756,4214,971,971,1,3,1518,1,strict-current-ink,glyphs-match,99,0
25,1,3,1518,1482,2610,2756,4197,971,971,1,3,1518,1,strict-current-ink,glyphs-match,99,0
26,1,3,1518,1482,2610,2755,4201,970,970,1,3,1518,1,strict-current-ink,glyphs-match,99,0
27,1,3,1518,1482,2610,2753,4190,969,969,1,3,1518,1,strict-current-ink,glyphs-match,99,0
28,1,3,1518,1482,2610,2750,4182,968,968,1,3,1518,1,strict-current-ink,glyphs-match,99,0
29,1,3,1518,1482,2610,2747,4205,966,966,1,3,1518,1,strict-current-ink,glyphs-match,99,0
30,1,3,1518,1482,2610,2755,4221,970,970,1,3,1518,1,strict-current-ink,glyphs-match,99,0
31,1,3,1518,1482,2610,2755,4221,970,970,1,3,1518,1,strict-current-ink,glyphs-match,99,0
32,1,3,1518,1482,2610,2755,4208,970,970,1,3,1518,1,strict-current-ink,glyphs-match,99,0
33,1,3,1518,1482,2610,2755,4194,970,970,1,3,1518,1,strict-current-ink,glyphs-match,99,0
34,1,3,1518,1484,2610,2755,4185,970,970,1,3,1518,1,strict-current-ink,glyphs-match,99,0
35,1,3,1518,1482,2610,2754,4217,969,969,1,3,1518,1,strict-current-ink,glyphs-match,99,1
36,1,3,1518,1482,2610,2753,4198,969,969,1,3,1518,1,strict-current-ink,glyphs-match,99,1
37,1,3,1518,1482,2610,2753,4203,969,969,1,3,1518,1,strict-current-ink,glyphs-match,99,1
38,1,3,1518,1482,2610,2752,4196,968,968,1,3,1518,1,strict-current-ink,glyphs-match,99,1
39,1,3,1518,1482,2610,2752,4200,968,968,1,3,1518,1,strict-current-ink,glyphs-match,99,1
40,1,3,1518,1482,2610,2751,4205,967,967,1,3,1518,1,strict-current-ink,glyphs-match,99,1
41,1,3,1518,1483,2610,2750,4193,966,966,1,3,1518,1,strict-current-ink,glyphs-match,99,1
42,1,3,1518,1482,2610,2750,4187,966,966,1,3,1518,1,strict-current-ink,glyphs-match,99,1
43,1,3,1510,1484,2610,2749,4179,966,966,1,3,1518,1,strict-current-ink,glyphs-match,99,1
44,1,3,1518,1482,2610,2761,4218,973,973,1,3,1518,1,strict-current-ink,glyphs-match,99,0
45,1,3,1518,1482,2610,2759,4223,973,973,1,3,1518,1,strict-current-ink,glyphs-match,99,0
46,1,3,1518,1482,2610,2758,4202,972,972,1,3,1518,1,strict-current-ink,glyphs-match,99,0
47,1,3,1518,1483,2610,2758,4222,972,972,1,3,1518,1,strict-current-ink,glyphs-match,99,0
48,1,3,1510,1483,2610,2758,4214,972,972,1,3,1518,1,strict-current-ink,glyphs-match,99,0
49,1,3,1510,1483,2610,2760,4272,972,972,1,3,1518,1,strict-current-ink,glyphs-match,99,0
50,1,3,1510,1483,2610,2760,4283,972,972,1,3,1518,1,strict-current-ink,glyphs-match,99,0
51,1,3,1510,1484,2610,2760,4313,972,972,1,3,1518,1,strict-current-ink,glyphs-match,99,0
52,1,3,1518,1483,2611,2755,4263,972,972,1,3,1518,1,grace-black-panel-partial-ink,context-or-pixel-proof,99,0
53,1,3,1518,1484,2610,2747,4335,969,969,1,1,1821,2,detected,context-or-pixel-proof,98,1
54,1,3,1518,1484,2610,2747,4321,969,969,1,1,1821,2,detected,glyphs-match,100,0
55,1,3,1518,1484,2610,2747,4303,969,969,1,3,1518,2,detected,glyphs-match,100,0
56,1,3,1518,1484,2610,2747,4329,969,969,1,3,1518,2,strict-current-ink,glyphs-match,100,0
57,1,3,1518,1484,2610,2747,4326,969,969,1,3,1518,2,detected,glyphs-match,100,0
58,1,3,1518,1484,2610,2747,4332,969,969,1,3,1518,2,detected,glyphs-match,100,0
59,1,3,1518,1484,2610,2747,4321,969,969,1,3,1518,2,strict-current-ink,glyphs-match,100,0
60,1,3,1518,1484,2610,2747,4327,969,969,1,3,1518,2,strict-current-ink,glyphs-match,100,0
61,1,3,1518,1484,2610,2747,4319,969,969,1,3,1518,2,strict-current-ink,glyphs-match,100,0
62,1,3,1518,1484,2610,2747,4304,969,969,1,3,1518,2,strict-current-ink,glyphs-match,100,0
63,1,3,1518,1484,2610,2747,4302,969,969,1,3,1518,2,strict-current-ink,glyphs-match,100,0
64,1,3,1518,1484,2610,2747,4299,969,969,1,3,1518,2,strict-current-ink,glyphs-match,100,0
65,1,3,1518,1484,2610,2747,4290,969,969,1,3,1518,2,strict-current-ink,glyphs-match,100,0
66,1,3,1518,1484,2610,2747,4299,969,969,1,3,1518,2,strict-current-ink,glyphs-match,100,0
67,1,3,1518,1484,2611,2747,4309,969,969,1,3,1518,2,strict-current-ink,glyphs-match,100,0
68,1,3,1518,1484,2610,2747,4299,969,969,1,3,1518,2,strict-current-ink,glyphs-match,100,0
69,1,3,1518,1484,2611,2747,4291,969,969,1,3,1518,2,strict-current-ink,glyphs-match,100,0
70,1,3,1518,1484,2610,2747,4313,969,969,1,3,1518,2,detected,glyphs-match,100,0
71,1,3,1518,1484,2610,2747,4300,969,969,1,3,1518,2,detected,glyphs-match,100,0
72,1,3,1518,1484,2610,2747,4305,969,969,1,3,1518,2,detected,glyphs-match,100,0
73,1,3,1518,1484,2610,2747,4296,969,969,1,3,1518,2,detected,glyphs-match,100,0
74,1,3,1518,1485,2610,2747,4290,969,969,1,3,1518,2,detected,glyphs-match,100,0
75,1,3,1518,1484,2610,2747,4268,969,969,1,3,1518,2,strict-current-ink,glyphs-match,100,0
76,1,3,1518,1484,2610,2747,4280,969,969,1,3,1518,2,strict-current-ink,glyphs-match,100,0
77,1,2,1662,1634,2610,2056,3600,0,0,1,2,1662,3,detected,context-or-pixel-proof,100,0
78,1,2,1662,1634,2610,2059,3589,0,0,1,2,1662,3,detected,glyphs-match,99,1
79,1,2,1662,1632,2610,2059,3574,0,0,1,2,1662,3,detected,glyphs-match,99,1
80,1,2,1662,1634,2610,2060,3582,0,0,1,2,1662,3,detected,glyphs-match,99,1
81,1,2,1662,1634,2610,2060,3607,0,0,1,2,1662,3,detected,glyphs-match,99,1
82,1,2,1662,1634,2610,2060,3592,0,0,1,2,1662,3,detected,glyphs-match,99,1
83,1,2,1662,1634,2610,2060,3591,0,0,1,2,1662,3,detected,glyphs-match,99,1
84,1,2,1662,1634,2610,2060,3606,0,0,1,2,1662,3,detected,glyphs-match,99,1
85,1,2,1662,1634,2610,2059,3611,0,0,1,2,1662,3,detected,glyphs-match,99,1
86,1,2,1662,1634,2610,2059,3593,0,0,1,2,1662,3,detected,glyphs-match,99,1
87,1,2,1662,1634,2610,2059,3603,0,0,1,2,1662,3,detected,glyphs-match,99,1
88,1,2,1662,1634,2610,2059,3603,0,0,1,2,1662,3,detected,glyphs-match,99,1
89,1,2,1662,1634,2610,2059,3607,0,0,1,2,1662,3,detected,glyphs-match,99,1
90,1,2,1662,1634,2610,2059,3614,0,0,1,2,1662,3,detected,glyphs-match,99,1
91,1,2,1662,1634,2610,2059,3631,0,0,1,2,1662,3,detected,glyphs-match,99,1
92,1,2,1662,1634,2610,2059,3629,0,0,1,2,1662,3,detected,glyphs-match,99,1
93,1,2,1662,1634,2610,2059,3590,0,0,1,2,1662,3,detected,glyphs-match,99,1
94,1,2,1662,1634,2610,2059,3625,0,0,1,2,1662,3,detected,glyphs-match,99,1
95,1,2,1662,1634,2610,2059,3624,0,0,1,2,1662,3,detected,glyphs-match,99,1
96,1,2,1662,1634,2610,2059,3620,0,0,1,2,1662,3,detected,glyphs-match,99,1
97,1,2,1662,1634,2610,2059,3643,0,0,1,2,1662,3,detected,glyphs-match,99,1
98,1,2,1662,1634,2610,2059,3650,0,0,1,2,1662,3,detected,glyphs-match,99,1
99,1,2,1662,1634,2610,2059,3639,0,0,1,2,1662,3,detected,glyphs-match,99,1
100,1,2,1662,1634,2610,2059,3602,0,0,1,2,1662,3,detected,glyphs-match,99,1
101,1,2,1662,1634,2610,2059,3564,0,0,1,2,1662,3,detected,glyphs-match,99,1
102,1,2,1662,1634,2610,2059,3566,0,0,1,2,1662,3,detected,glyphs-match,99,1
103,1,2,1662,1634,2610,2059,3556,0,0,1,2,1662,3,detected,glyphs-match,99,1
104,1,2,1662,1634,2610,2059,3550,0,0,1,2,1662,3,detected,glyphs-match,99,1
105,1,2,1662,1634,2610,2059,3565,0,0,1,2,1662,3,detected,glyphs-match,99,1
106,1,2,1662,1634,2610,2059,3563,0,0,1,2,1662,3,detected,glyphs-match,99,1
107,1,2,1662,1634,2610,2059,3566,0,0,1,2,1662,3,detected,glyphs-match,99,1
108,1,2,1662,1634,2610,2059,3551,0,0,1,2,1662,3,detected,glyphs-match,99,1
109,1,2,1662,1634,2610,2059,3548,0,0,1,2,1662,3,detected,glyphs-match,99,1
