seq,detected,lines,top,capturetop,captureright,own,raw,upper_own,upper_raw,present,plines,ptop,cue,reason,ink_reason,coverage,difference,refresh_ms,refresh_samples,refresh_reason
1,1,3,1526,1484,2610,2767,4639,976,976,1,2,1671,1,detected,context-or-pixel-proof,100,0,0.0018,0,not-eligible
2,1,3,1518,1483,2610,2767,4622,976,976,1,2,1671,1,detected,glyphs-match,100,0,0.4873,10809,current-reference-pixels
3,1,3,1510,1483,2610,2766,4576,975,975,1,2,1671,1,strict-current-ink,glyphs-match,100,0,0.3966,10809,current-reference-pixels
4,1,3,1518,1483,2610,2765,4553,974,974,1,2,1671,1,detected,glyphs-match,100,0,0.3638,10809,current-reference-pixels
5,1,3,1518,1483,2610,2764,4524,974,974,1,2,1671,1,detected,glyphs-match,99,0,0.5262,10809,current-reference-pixels
6,1,3,1518,1482,2610,2763,4514,973,973,1,3,1518,1,detected,glyphs-match,99,0,0.5162,10809,current-reference-pixels
7,1,3,1518,1482,2610,2763,4487,973,973,1,3,1518,1,strict-current-ink,glyphs-match,100,0,0.6781,16997,current-reference-pixels
8,1,3,1518,1482,2610,2761,4462,971,971,1,3,1518,1,strict-current-ink,glyphs-match,99,0,0.6367,16997,current-reference-pixels
9,1,3,1518,1486,2610,2761,4414,971,971,1,3,1518,1,strict-current-ink,glyphs-match,99,0,0.7031,16997,current-reference-pixels
10,1,3,1518,1482,2610,2760,4383,971,971,1,3,1518,1,strict-current-ink,glyphs-match,99,0,0.5297,16997,current-reference-pixels
11,1,3,1518,1482,2610,2759,4291,970,970,1,3,1518,1,strict-current-ink,glyphs-match,99,0,0.5988,16997,current-reference-pixels
12,1,3,1518,1482,2610,2759,4251,970,970,1,3,1518,1,strict-current-ink,glyphs-match,99,0,0.4008,16997,current-reference-pixels
13,1,3,1518,1482,2610,2758,4215,969,969,1,3,1518,1,strict-current-ink,glyphs-match,99,0,0.4554,16997,current-reference-pixels
14,1,3,1526,1484,2610,2759,4158,970,970,1,3,1518,1,strict-current-ink,glyphs-match,99,0,0.6016,16997,current-reference-pixels
15,1,3,1518,1482,2610,2758,4140,970,970,1,3,1518,1,strict-current-ink,glyphs-match,99,0,0.5191,16997,current-reference-pixels
16,1,3,1526,1484,2610,2757,4160,970,970,1,3,1518,1,strict-current-ink,glyphs-match,99,0,0.7274,16997,current-reference-pixels
17,1,3,1518,1482,2610,2756,4162,970,970,1,3,1518,1,strict-current-ink,glyphs-match,99,0,0.543,16997,current-reference-pixels
18,1,3,1518,1482,2610,2756,4185,970,970,1,3,1518,1,strict-current-ink,glyphs-match,99,0,0.5342,16997,current-reference-pixels
19,1,3,1518,1482,2610,2755,4193,969,969,1,3,1518,1,strict-current-ink,glyphs-match,99,0,0.574,16997,current-reference-pixels
20,1,3,1518,1482,2610,2754,4179,969,969,1,3,1518,1,strict-current-ink,glyphs-match,99,0,0.6215,16997,current-reference-pixels
21,1,3,1518,1484,2610,2754,4166,969,969,1,3,1518,1,strict-current-ink,glyphs-match,99,0,0.4525,16997,current-reference-pixels
22,1,3,1518,1482,2610,2752,4156,969,969,1,3,1518,1,strict-current-ink,glyphs-match,99,0,0.5461,16997,current-reference-pixels
23,1,3,1518,1484,2610,2752,4167,969,969,1,3,1518,1,strict-current-ink,glyphs-match,99,0,0.6261,16997,current-reference-pixels
24,1,3,1518,1482,2610,2756,4214,971,971,1,3,1518,1,strict-current-ink,glyphs-match,99,0,0.5508,16997,current-reference-pixels
25,1,3,1518,1482,2610,2756,4197,971,971,1,3,1518,1,strict-current-ink,glyphs-match,99,0,0.5442,16997,current-reference-pixels
26,1,3,1518,1482,2610,2755,4201,970,970,1,3,1518,1,strict-current-ink,glyphs-match,99,0,0.6336,16997,current-reference-pixels
27,1,3,1518,1482,2610,2753,4190,969,969,1,3,1518,1,strict-current-ink,glyphs-match,99,0,0.8377,16997,current-reference-pixels
28,1,3,1518,1482,2610,2750,4182,968,968,1,3,1518,1,strict-current-ink,glyphs-match,99,0,0.4777,16997,current-reference-pixels
29,1,3,1518,1482,2610,2747,4205,966,966,1,3,1518,1,strict-current-ink,glyphs-match,99,0,0.5407,16997,current-reference-pixels
30,1,3,1518,1482,2610,2755,4221,970,970,1,3,1518,1,strict-current-ink,glyphs-match,99,0,0.4439,16997,current-reference-pixels
31,1,3,1518,1482,2610,2755,4221,970,970,1,3,1518,1,strict-current-ink,glyphs-match,99,0,0.5423,16997,current-reference-pixels
32,1,3,1518,1482,2610,2755,4208,970,970,1,3,1518,1,strict-current-ink,glyphs-match,99,0,0.5462,16997,current-reference-pixels
33,1,3,1518,1482,2610,2755,4194,970,970,1,3,1518,1,strict-current-ink,glyphs-match,99,0,0.4714,16997,current-reference-pixels
34,1,3,1518,1484,2610,2755,4185,970,970,1,3,1518,1,strict-current-ink,glyphs-match,99,0,0.6605,16997,current-reference-pixels
35,1,3,1518,1482,2610,2754,4217,969,969,1,3,1518,1,strict-current-ink,glyphs-match,99,0,0.5247,16997,current-reference-pixels
36,1,3,1518,1482,2610,2753,4198,969,969,1,3,1518,1,strict-current-ink,glyphs-match,99,0,0.5114,16997,current-reference-pixels
37,1,3,1518,1482,2610,2753,4203,969,969,1,3,1518,1,strict-current-ink,glyphs-match,99,0,0.3781,16997,current-reference-pixels
38,1,3,1518,1482,2610,2752,4196,968,968,1,3,1518,1,strict-current-ink,glyphs-match,99,0,0.5612,16997,current-reference-pixels
39,1,3,1518,1482,2610,2752,4200,968,968,1,3,1518,1,strict-current-ink,glyphs-match,99,0,0.5418,16997,current-reference-pixels
40,1,3,1518,1482,2610,2751,4205,967,967,1,3,1518,1,strict-current-ink,glyphs-match,99,0,2.9204,16997,current-reference-pixels
41,1,3,1518,1483,2610,2750,4193,966,966,1,3,1518,1,strict-current-ink,glyphs-match,99,0,0.7112,16997,current-reference-pixels
42,1,3,1518,1482,2610,2750,4187,966,966,1,3,1518,1,strict-current-ink,glyphs-match,99,0,0.6087,16997,current-reference-pixels
43,1,3,1510,1484,2610,2749,4179,966,966,1,3,1518,1,strict-current-ink,glyphs-match,99,0,0.6124,16997,current-reference-pixels
44,1,3,1518,1482,2610,2761,4218,973,973,1,3,1518,1,strict-current-ink,glyphs-match,99,0,0.5753,16997,current-reference-pixels
45,1,3,1518,1482,2610,2759,4223,973,973,1,3,1518,1,strict-current-ink,glyphs-match,98,1,0.6173,16997,current-reference-pixels
46,1,3,1518,1482,2610,2758,4202,972,972,1,3,1518,1,strict-current-ink,glyphs-match,98,1,0.633,16997,current-reference-pixels
47,1,3,1518,1483,2610,2758,4222,972,972,1,3,1518,1,strict-current-ink,glyphs-match,98,1,0.5822,16997,current-reference-pixels
48,1,3,1510,1483,2610,2758,4214,972,972,1,3,1518,1,strict-current-ink,glyphs-match,98,1,0.5198,16997,current-reference-pixels
49,1,3,1510,1483,2610,2760,4272,972,972,1,3,1518,1,strict-current-ink,glyphs-match,98,1,0.5887,16997,current-reference-pixels
50,1,3,1510,1483,2610,2760,4283,972,972,1,3,1518,1,strict-current-ink,glyphs-match,98,1,0.6387,16997,current-reference-pixels
51,1,3,1510,1484,2610,2760,4313,972,972,1,3,1518,1,strict-current-ink,glyphs-match,98,1,0.6299,16997,current-reference-pixels
52,1,3,1518,1483,2611,2755,4263,972,972,1,3,1518,1,strict-current-ink,glyphs-match,98,1,0.652,16997,current-reference-pixels
53,1,3,1518,1484,2610,2747,4335,969,969,1,3,1518,1,grace-black-panel-partial-ink,component-coverage,95,4,0.5658,16997,current-reference-pixels
54,1,3,1518,1484,2610,2747,4321,969,969,1,3,1518,1,grace-black-panel-partial-ink,component-coverage,95,4,0.4883,16997,current-reference-pixels
55,1,3,1518,1484,2610,2747,4303,969,969,1,3,1518,2,detected,component-coverage,95,4,0.5975,16997,current-reference-pixels
56,1,3,1518,1484,2610,2747,4329,969,969,1,3,1518,2,strict-current-ink,glyphs-match,100,0,0.5768,16893,current-reference-pixels
57,1,3,1518,1484,2610,2747,4326,969,969,1,3,1518,2,strict-current-ink,glyphs-match,100,0,0.532,16893,current-reference-pixels
58,1,3,1518,1484,2610,2747,4332,969,969,1,3,1518,2,strict-current-ink,glyphs-match,100,0,0.6136,16893,current-reference-pixels
59,1,3,1518,1484,2610,2747,4321,969,969,1,3,1518,2,strict-current-ink,glyphs-match,100,0,0.5323,16893,current-reference-pixels
60,1,3,1518,1484,2610,2747,4327,969,969,1,3,1518,2,strict-current-ink,glyphs-match,100,0,0.7487,16893,current-reference-pixels
61,1,3,1518,1484,2610,2747,4319,969,969,1,3,1518,2,strict-current-ink,glyphs-match,100,0,0.5799,16893,current-reference-pixels
62,1,3,1518,1484,2610,2747,4304,969,969,1,3,1518,2,strict-current-ink,glyphs-match,100,0,0.637,16893,current-reference-pixels
63,1,3,1518,1484,2610,2747,4302,969,969,1,3,1518,2,strict-current-ink,glyphs-match,100,0,0.6365,16893,current-reference-pixels
64,1,3,1518,1484,2610,2747,4299,969,969,1,3,1518,2,strict-current-ink,glyphs-match,100,0,0.5879,16893,current-reference-pixels
65,1,3,1518,1484,2610,2747,4290,969,969,1,3,1518,2,strict-current-ink,glyphs-match,100,0,0.556,16893,current-reference-pixels
66,1,3,1518,1484,2610,2747,4299,969,969,1,3,1518,2,strict-current-ink,glyphs-match,100,0,0.5972,16893,current-reference-pixels
67,1,3,1518,1484,2611,2747,4309,969,969,1,3,1518,2,strict-current-ink,glyphs-match,100,0,0.5412,16893,current-reference-pixels
68,1,3,1518,1484,2610,2747,4299,969,969,1,3,1518,2,strict-current-ink,glyphs-match,100,0,0.5649,16893,current-reference-pixels
69,1,3,1518,1484,2611,2747,4291,969,969,1,3,1518,2,strict-current-ink,glyphs-match,100,0,0.5657,16893,current-reference-pixels
70,1,3,1518,1484,2610,2747,4313,969,969,1,3,1518,2,detected,glyphs-match,100,0,0.6223,16893,current-reference-pixels
71,1,3,1518,1484,2610,2747,4300,969,969,1,3,1518,2,detected,glyphs-match,100,0,0.593,16893,current-reference-pixels
72,1,3,1518,1484,2610,2747,4305,969,969,1,3,1518,2,detected,glyphs-match,100,0,0.585,16893,current-reference-pixels
73,1,3,1518,1484,2610,2747,4296,969,969,1,3,1518,2,strict-current-ink,glyphs-match,100,0,0.5641,16893,current-reference-pixels
74,1,3,1518,1485,2610,2747,4290,969,969,1,3,1518,2,strict-current-ink,glyphs-match,100,0,0.5742,16893,current-reference-pixels
75,1,3,1518,1484,2610,2747,4268,969,969,1,3,1518,2,strict-current-ink,glyphs-match,100,0,0.5598,16893,current-reference-pixels
76,1,3,1518,1484,2610,2747,4280,969,969,1,3,1518,2,strict-current-ink,glyphs-match,100,0,0.5364,16893,current-reference-pixels
77,1,2,1662,1634,2610,2056,3600,0,0,1,2,1662,3,detected,component-coverage,100,0,0.5782,16893,current-reference-pixels
78,1,2,1662,1634,2610,2059,3589,0,0,1,2,1662,3,strict-current-ink,glyphs-match,99,1,0.6536,13104,current-reference-pixels
79,1,2,1662,1632,2610,2059,3574,0,0,1,2,1662,3,strict-current-ink,glyphs-match,99,1,0.4394,13104,current-reference-pixels
80,1,2,1662,1634,2610,2060,3582,0,0,1,2,1662,3,strict-current-ink,glyphs-match,99,1,0.4284,13104,current-reference-pixels
81,1,2,1662,1634,2610,2060,3607,0,0,1,2,1662,3,strict-current-ink,glyphs-match,99,1,0.4299,13104,current-reference-pixels
82,1,2,1662,1634,2610,2060,3592,0,0,1,2,1662,3,strict-current-ink,glyphs-match,99,1,0.4402,13104,current-reference-pixels
83,1,2,1662,1634,2610,2060,3591,0,0,1,2,1662,3,strict-current-ink,glyphs-match,99,1,0.4587,13104,current-reference-pixels
84,1,2,1662,1634,2610,2060,3606,0,0,1,2,1662,3,strict-current-ink,glyphs-match,99,1,0.4501,13104,current-reference-pixels
85,1,2,1662,1634,2610,2059,3611,0,0,1,2,1662,3,strict-current-ink,glyphs-match,99,1,0.4229,13104,current-reference-pixels
86,1,2,1662,1634,2610,2059,3593,0,0,1,2,1662,3,strict-current-ink,glyphs-match,99,1,0.4291,13104,current-reference-pixels
87,1,2,1662,1634,2610,2059,3603,0,0,1,2,1662,3,strict-current-ink,glyphs-match,99,1,0.5243,13104,current-reference-pixels
88,1,2,1662,1634,2610,2059,3603,0,0,1,2,1662,3,strict-current-ink,glyphs-match,99,1,0.4502,13104,current-reference-pixels
89,1,2,1662,1634,2610,2059,3607,0,0,1,2,1662,3,strict-current-ink,glyphs-match,99,1,0.4489,13104,current-reference-pixels
90,1,2,1662,1634,2610,2059,3614,0,0,1,2,1662,3,strict-current-ink,glyphs-match,99,1,0.7404,13104,current-reference-pixels
91,1,2,1662,1634,2610,2059,3631,0,0,1,2,1662,3,strict-current-ink,glyphs-match,99,1,0.4991,13104,current-reference-pixels
92,1,2,1662,1634,2610,2059,3629,0,0,1,2,1662,3,strict-current-ink,glyphs-match,99,1,0.4887,13104,current-reference-pixels
93,1,2,1662,1634,2610,2059,3590,0,0,1,2,1662,3,strict-current-ink,glyphs-match,99,1,0.4845,13104,current-reference-pixels
94,1,2,1662,1634,2610,2059,3625,0,0,1,2,1662,3,strict-current-ink,glyphs-match,99,1,0.4842,13104,current-reference-pixels
95,1,2,1662,1634,2610,2059,3624,0,0,1,2,1662,3,strict-current-ink,glyphs-match,99,1,0.4446,13104,current-reference-pixels
96,1,2,1662,1634,2610,2059,3620,0,0,1,2,1662,3,strict-current-ink,glyphs-match,99,1,0.4637,13104,current-reference-pixels
97,1,2,1662,1634,2610,2059,3643,0,0,1,2,1662,3,strict-current-ink,glyphs-match,99,1,0.4461,13104,current-reference-pixels
98,1,2,1662,1634,2610,2059,3650,0,0,1,2,1662,3,strict-current-ink,glyphs-match,99,1,0.4432,13104,current-reference-pixels
99,1,2,1662,1634,2610,2059,3639,0,0,1,2,1662,3,strict-current-ink,glyphs-match,99,1,0.4655,13104,current-reference-pixels
100,1,2,1662,1634,2610,2059,3602,0,0,1,2,1662,3,strict-current-ink,glyphs-match,99,1,0.5141,13104,current-reference-pixels
101,1,2,1662,1634,2610,2059,3564,0,0,1,2,1662,3,strict-current-ink,glyphs-match,99,1,0.4132,13104,current-reference-pixels
102,1,2,1662,1634,2610,2059,3566,0,0,1,2,1662,3,strict-current-ink,glyphs-match,99,1,0.5019,13104,current-reference-pixels
103,1,2,1662,1634,2610,2059,3556,0,0,1,2,1662,3,strict-current-ink,glyphs-match,99,1,0.4862,13104,current-reference-pixels
104,1,2,1662,1634,2610,2059,3550,0,0,1,2,1662,3,strict-current-ink,glyphs-match,99,1,0.4049,13104,current-reference-pixels
105,1,2,1662,1634,2610,2059,3565,0,0,1,2,1662,3,strict-current-ink,glyphs-match,99,1,0.7558,13104,current-reference-pixels
106,1,2,1662,1634,2610,2059,3563,0,0,1,2,1662,3,strict-current-ink,glyphs-match,99,1,0.3941,13104,current-reference-pixels
107,1,2,1662,1634,2610,2059,3566,0,0,1,2,1662,3,strict-current-ink,glyphs-match,99,1,0.2979,13104,current-reference-pixels
108,1,2,1662,1634,2610,2059,3551,0,0,1,2,1662,3,strict-current-ink,glyphs-match,99,1,0.4724,13104,current-reference-pixels
109,1,2,1662,1634,2610,2059,3548,0,0,1,2,1662,3,strict-current-ink,glyphs-match,99,1,0.2658,13104,current-reference-pixels
